{"inputUnits":[34],"outputUnits":16,"inputs":{"0":{"dtype":"number","min":241.68715389616074,"max":431.23534858807716},"1":{"dtype":"number","min":87.83241138123628,"max":318.58484784994437},"2":{"dtype":"number","min":247.36179820278232,"max":433.53400871767633},"3":{"dtype":"number","min":81.86426396955522,"max":311.73141628213324},"4":{"dtype":"number","min":239.106491192972,"max":427.5108506944444},"5":{"dtype":"number","min":79.2636711462664,"max":312.43803741871494},"6":{"dtype":"number","min":263.77785725435547,"max":436.07349388315896},"7":{"dtype":"number","min":89.66041669046203,"max":304.44095901578487},"8":{"dtype":"number","min":241.2314854077196,"max":409.51126663773147},"9":{"dtype":"number","min":86.73781664515562,"max":303.1725446615535},"10":{"dtype":"number","min":294.7675066198754,"max":443.5185319034212},"11":{"dtype":"number","min":131.02122583816853,"max":321.13314504047116},"12":{"dtype":"number","min":257.2173226042333,"max":390.714969151666},"13":{"dtype":"number","min":135.53646927920929,"max":323.0026298656798},"14":{"dtype":"number","min":291.2691576624939,"max":490.35952800430977},"15":{"dtype":"number","min":104.55847905625609,"max":370.53472388789896},"16":{"dtype":"number","min":217.10069994712666,"max":391.0010086862664},"17":{"dtype":"number","min":106.27884357296233,"max":370.5869363111827},"18":{"dtype":"number","min":225.34531502231053,"max":559.8746292679398},"19":{"dtype":"number","min":56.94082933094998,"max":368.4067920588146},"20":{"dtype":"number","min":183.98707934522722,"max":440.7402919003373},"21":{"dtype":"number","min":55.35664935790538,"max":371.31818507382275},"22":{"dtype":"number","min":310.44131094949284,"max":429.71737510279604},"23":{"dtype":"number","min":232.15464452553908,"max":389.6555523193835},"24":{"dtype":"number","min":287.718044823838,"max":406.13685533549585},"25":{"dtype":"number","min":233.07132772999665,"max":392.6019560756274},"26":{"dtype":"number","min":259.10861783092713,"max":418.01543438411363},"27":{"dtype":"number","min":289.393906621208,"max":399.0318883557533},"28":{"dtype":"number","min":256.8151016681515,"max":408.9533815142239},"29":{"dtype":"number","min":285.11053193149974,"max":393.91365155374325},"30":{"dtype":"number","min":247.0561197440759,"max":411.9736378095303},"31":{"dtype":"number","min":350.0029952437789,"max":447.1912674039428},"32":{"dtype":"number","min":243.2277080097161,"max":387.7606456972237},"33":{"dtype":"number","min":357.0382189239442,"max":440.48118635924936}},"outputs":{"0":{"dtype":"string","min":0,"max":1,"uniqueValues":["1","4","2","3","q","r","w","e","a","f","s","d","z","v","c","x"],"legend":{"1":[1,0,0,0,0,0,0,0,0,0,0,0,0,0,0,0],"2":[0,0,1,0,0,0,0,0,0,0,0,0,0,0,0,0],"3":[0,0,0,1,0,0,0,0,0,0,0,0,0,0,0,0],"4":[0,1,0,0,0,0,0,0,0,0,0,0,0,0,0,0],"q":[0,0,0,0,1,0,0,0,0,0,0,0,0,0,0,0],"r":[0,0,0,0,0,1,0,0,0,0,0,0,0,0,0,0],"w":[0,0,0,0,0,0,1,0,0,0,0,0,0,0,0,0],"e":[0,0,0,0,0,0,0,1,0,0,0,0,0,0,0,0],"a":[0,0,0,0,0,0,0,0,1,0,0,0,0,0,0,0],"f":[0,0,0,0,0,0,0,0,0,1,0,0,0,0,0,0],"s":[0,0,0,0,0,0,0,0,0,0,1,0,0,0,0,0],"d":[0,0,0,0,0,0,0,0,0,0,0,1,0,0,0,0],"z":[0,0,0,0,0,0,0,0,0,0,0,0,1,0,0,0],"v":[0,0,0,0,0,0,0,0,0,0,0,0,0,1,0,0],"c":[0,0,0,0,0,0,0,0,0,0,0,0,0,0,1,0],"x":[0,0,0,0,0,0,0,0,0,0,0,0,0,0,0,1]}}},"isNormalized":true}